sale_id;product;quantity;price
e8b5e363-60a4-4ef9-82bf-62a1b4b28213;Intelligent Granite Shirt;2;830.3
197a04f1-2831-41ab-bbf8-f343e5b44d3f;Cheese;7;656.59
7fe7f778-064a-424c-ae3f-0efbda830e2b;Metal Sausages;8;253.57
980be45d-4870-4ec6-bf08-004d6b683758;Intelligent Keyboard;0;955.61
5c2ca946-339e-4ef2-8761-ed69379ad611;Soap;7;567.2
1be9ce5b-aa39-4ea6-b769-5252a20195d0;Practical Bacon;7;964.7
f3b0b40c-0956-4c5a-bacc-c3b22c9d9c68;Licensed Rubber Sausages;5;23.29
63d4510a-63c3-4072-bb10-a2aeac0074ad;Gloves;1;587.52
c3c1faec-b241-43fd-a6b6-6991d1f13805;Handcrafted Table;8;979.43
b36ded61-f6d0-472b-a8d6-5d2e514c7eb7;Handmade Chips;9;970.5
d7556b6c-9865-4285-a36d-ae68f3149c53;Handmade Frozen Shoes;3;702.5
197a04f1-2831-41ab-bbf8-f343e5b44d3f;Sleek Hat;3;641.41
6b8e212c-db64-4db2-a780-945474d6ae96;Frozen Chicken;0;535.91
6b8e212c-db64-4db2-a780-945474d6ae96;Chicken;2;383.41
d7556b6c-9865-4285-a36d-ae68f3149c53;Handcrafted Cotton Shoes;1;711.44
247e7e66-76b9-4b42-8ad2-63ca67c0357c;Practical Salad;3;393.78
c33455e8-01e4-406a-af94-8e2b1021d52c;Soft Chips;9;697.59
e8b5e363-60a4-4ef9-82bf-62a1b4b28213;Hat;9;721.6
5c2ca946-339e-4ef2-8761-ed69379ad611;Plastic Table;7;235.53
b36ded61-f6d0-472b-a8d6-5d2e514c7eb7;Intelligent Shirt;1;221.15
63d4510a-63c3-4072-bb10-a2aeac0074ad;Generic Pizza;6;783.32
1be9ce5b-aa39-4ea6-b769-5252a20195d0;Tuna;6;538.73
236f36b1-1271-4716-ae45-99ec30e8068e;Gently Used Wooden Fish;4;746.31
5af57340-726f-43bd-8b07-586040fc273a;Concrete Gloves;0;115.54
236f36b1-1271-4716-ae45-99ec30e8068e;Cotton Salad;0;850.92
d7556b6c-9865-4285-a36d-ae68f3149c53;Fantastic Soft Shoes;2;845.54
e03a8a7d-0c17-40f8-ac54-58ddee2d1bc2;Wooden Cheese;4;297.36
4857cbc2-d9d8-439f-9e59-6ddf085b20cf;Gently Used Granite Pizza;7;990.61
63d4510a-63c3-4072-bb10-a2aeac0074ad;Refined Gloves;0;508.23
5c2ca946-339e-4ef2-8761-ed69379ad611;Concrete Salad;2;813.97
b36ded61-f6d0-472b-a8d6-5d2e514c7eb7;Licensed Computer;8;475.39
7fe7f778-064a-424c-ae3f-0efbda830e2b;Incredible Chair;4;351.2
b36ded61-f6d0-472b-a8d6-5d2e514c7eb7;New Ball;0;324.56
d3764c04-7761-44f7-9ac9-fd219517fe6f;Bike;5;610.57
2b0358a2-d01f-4673-afc2-a10eebaf0e0f;Soap;9;434.66
7fe7f778-064a-424c-ae3f-0efbda830e2b;Bike;3;544.23
197a04f1-2831-41ab-bbf8-f343e5b44d3f;Plastic Chicken;5;674.17
5c2ca946-339e-4ef2-8761-ed69379ad611;Soft Bacon;2;137.62
247e7e66-76b9-4b42-8ad2-63ca67c0357c;New Sausages;9;136.81
2b0358a2-d01f-4673-afc2-a10eebaf0e0f;Ergonomic Car;5;17.74
d7556b6c-9865-4285-a36d-ae68f3149c53;Unbranded Rubber Car;10;626.47
c3c1faec-b241-43fd-a6b6-6991d1f13805;Generic Fresh Cheese;3;674.57
1be9ce5b-aa39-4ea6-b769-5252a20195d0;Licensed Fish;3;995.98
5af57340-726f-43bd-8b07-586040fc273a;Cheese;6;5.43
b36ded61-f6d0-472b-a8d6-5d2e514c7eb7;New Sausages;10;10.91
247e7e66-76b9-4b42-8ad2-63ca67c0357c;New Chair;0;824.4
d3764c04-7761-44f7-9ac9-fd219517fe6f;Incredible Pizza;7;529.27
6b8e212c-db64-4db2-a780-945474d6ae96;Fantastic Sausages;7;834.63
2b0358a2-d01f-4673-afc2-a10eebaf0e0f;Licensed Plastic Mouse;8;188.0
5af57340-726f-43bd-8b07-586040fc273a;Granite Bacon;9;807.76
d3764c04-7761-44f7-9ac9-fd219517fe6f;Gently Used Rubber Towels;7;889.7
6b8e212c-db64-4db2-a780-945474d6ae96;Generic Table;10;553.52
2b0358a2-d01f-4673-afc2-a10eebaf0e0f;Granite Cheese;2;538.38
247e7e66-76b9-4b42-8ad2-63ca67c0357c;Car;9;382.62
d7556b6c-9865-4285-a36d-ae68f3149c53;Metal Sausages;0;663.75
c33455e8-01e4-406a-af94-8e2b1021d52c;Fresh Towels;9;972.82
c33455e8-01e4-406a-af94-8e2b1021d52c;Steel Chair;7;700.88
247e7e66-76b9-4b42-8ad2-63ca67c0357c;Bacon;1;441.38
e03a8a7d-0c17-40f8-ac54-58ddee2d1bc2;Metal Cheese;6;583.52
f3b0b40c-0956-4c5a-bacc-c3b22c9d9c68;Gloves;0;587.19
5c2ca946-339e-4ef2-8761-ed69379ad611;Plastic Bacon;4;761.26
c33455e8-01e4-406a-af94-8e2b1021d52c;Licensed Plastic Chips;5;256.75
d3764c04-7761-44f7-9ac9-fd219517fe6f;Incredible Ball;7;745.55
4857cbc2-d9d8-439f-9e59-6ddf085b20cf;Ergonomic Metal Shoes;2;41.99
c33455e8-01e4-406a-af94-8e2b1021d52c;Tasty Concrete Chair;1;148.29
6b8e212c-db64-4db2-a780-945474d6ae96;Ergonomic Metal Bacon;0;351.17
b36ded61-f6d0-472b-a8d6-5d2e514c7eb7;Granite Sausages;8;403.63
e8b5e363-60a4-4ef9-82bf-62a1b4b28213;Handmade Keyboard;3;965.89
197a04f1-2831-41ab-bbf8-f343e5b44d3f;New Hat;4;751.61
980be45d-4870-4ec6-bf08-004d6b683758;Sleek Soft Sausages;2;308.2
e8b5e363-60a4-4ef9-82bf-62a1b4b28213;Wooden Bike;6;359.22
6b8e212c-db64-4db2-a780-945474d6ae96;Generic Fresh Salad;9;507.97
197a04f1-2831-41ab-bbf8-f343e5b44d3f;Granite Towels;3;666.8
6b8e212c-db64-4db2-a780-945474d6ae96;Incredible Soap;4;673.78
e03a8a7d-0c17-40f8-ac54-58ddee2d1bc2;Handmade Salad;6;589.9
980be45d-4870-4ec6-bf08-004d6b683758;Table;8;635.47
236f36b1-1271-4716-ae45-99ec30e8068e;Ergonomic Cotton Chips;7;8.17
980be45d-4870-4ec6-bf08-004d6b683758;Rubber Towels;0;616.36
247e7e66-76b9-4b42-8ad2-63ca67c0357c;Cheese;7;331.89
d3764c04-7761-44f7-9ac9-fd219517fe6f;Towels;8;958.5
d7556b6c-9865-4285-a36d-ae68f3149c53;Small Soft Chips;0;453.64
980be45d-4870-4ec6-bf08-004d6b683758;Handcrafted Wooden Mouse;1;132.62
5af57340-726f-43bd-8b07-586040fc273a;Chips;3;705.75
d3764c04-7761-44f7-9ac9-fd219517fe6f;Gently Used Computer;7;144.31
197a04f1-2831-41ab-bbf8-f343e5b44d3f;Ball;8;266.81
e8b5e363-60a4-4ef9-82bf-62a1b4b28213;Practical Concrete Salad;2;168.8
63d4510a-63c3-4072-bb10-a2aeac0074ad;Generic Fresh Fish;1;479.53
2b0358a2-d01f-4673-afc2-a10eebaf0e0f;Licensed Cotton Shirt;1;655.33
247e7e66-76b9-4b42-8ad2-63ca67c0357c;Rustic Wooden Salad;2;239.88
4857cbc2-d9d8-439f-9e59-6ddf085b20cf;Used Granite Shirt;0;576.2
7fe7f778-064a-424c-ae3f-0efbda830e2b;Sleek Hat;4;62.6
e03a8a7d-0c17-40f8-ac54-58ddee2d1bc2;Bike;0;376.9
5af57340-726f-43bd-8b07-586040fc273a;Concrete Mouse;1;820.2
f3b0b40c-0956-4c5a-bacc-c3b22c9d9c68;Rustic Bacon;10;876.72
d3764c04-7761-44f7-9ac9-fd219517fe6f;Gently Used Metal Pants;2;31.57
6b8e212c-db64-4db2-a780-945474d6ae96;Cotton Chicken;6;482.92
197a04f1-2831-41ab-bbf8-f343e5b44d3f;Gently Used Fish;5;266.42
197a04f1-2831-41ab-bbf8-f343e5b44d3f;Fish;2;238.76
980be45d-4870-4ec6-bf08-004d6b683758;Unbranded Soap;5;719.14
5af57340-726f-43bd-8b07-586040fc273a;Frozen Mouse;3;630.71
197a04f1-2831-41ab-bbf8-f343e5b44d3f;Intelligent Bacon;1;12.94
980be45d-4870-4ec6-bf08-004d6b683758;Plastic Keyboard;3;962.19
d7556b6c-9865-4285-a36d-ae68f3149c53;Shirt;6;354.2
5af57340-726f-43bd-8b07-586040fc273a;Metal Keyboard;3;627.17
980be45d-4870-4ec6-bf08-004d6b683758;Plastic Computer;10;122.68
f3b0b40c-0956-4c5a-bacc-c3b22c9d9c68;Incredible Shoes;3;558.13
d3764c04-7761-44f7-9ac9-fd219517fe6f;Awesome Mouse;1;803.1
f3b0b40c-0956-4c5a-bacc-c3b22c9d9c68;Towels;7;531.46
980be45d-4870-4ec6-bf08-004d6b683758;Ergonomic Fresh Cheese;7;898.87
d3764c04-7761-44f7-9ac9-fd219517fe6f;Handcrafted Rubber Bike;5;882.72
f3b0b40c-0956-4c5a-bacc-c3b22c9d9c68;Keyboard;6;470.63
197a04f1-2831-41ab-bbf8-f343e5b44d3f;Ball;1;80.63
1be9ce5b-aa39-4ea6-b769-5252a20195d0;Shoes;1;587.71
247e7e66-76b9-4b42-8ad2-63ca67c0357c;Refined Wooden Sausages;10;514.8
b36ded61-f6d0-472b-a8d6-5d2e514c7eb7;Incredible Shoes;8;571.2
f3b0b40c-0956-4c5a-bacc-c3b22c9d9c68;Incredible Cheese;5;98.14
1be9ce5b-aa39-4ea6-b769-5252a20195d0;Soft Sausages;9;39.19
d3764c04-7761-44f7-9ac9-fd219517fe6f;Incredible Metal Computer;4;595.44
197a04f1-2831-41ab-bbf8-f343e5b44d3f;Licensed Fresh Keyboard;5;999.8
4857cbc2-d9d8-439f-9e59-6ddf085b20cf;Rustic Car;0;415.51
4857cbc2-d9d8-439f-9e59-6ddf085b20cf;Bacon;9;31.88
7fe7f778-064a-424c-ae3f-0efbda830e2b;Tasty Granite Cheese;0;529.46
5c2ca946-339e-4ef2-8761-ed69379ad611;Concrete Mouse;7;77.29
d7556b6c-9865-4285-a36d-ae68f3149c53;Car;0;900.0
d7556b6c-9865-4285-a36d-ae68f3149c53;Fresh Table;4;555.84
5af57340-726f-43bd-8b07-586040fc273a;Cotton Computer;0;502.2
d3764c04-7761-44f7-9ac9-fd219517fe6f;Tasty Table;3;141.61
5af57340-726f-43bd-8b07-586040fc273a;New Cotton Chips;6;623.0
4857cbc2-d9d8-439f-9e59-6ddf085b20cf;Shirt;6;570.24
4857cbc2-d9d8-439f-9e59-6ddf085b20cf;Handcrafted Steel Tuna;8;544.26
e03a8a7d-0c17-40f8-ac54-58ddee2d1bc2;Pants;7;60.21
c3c1faec-b241-43fd-a6b6-6991d1f13805;Plastic Chicken;9;551.27
1be9ce5b-aa39-4ea6-b769-5252a20195d0;Fantastic Cotton Chair;8;923.92
7fe7f778-064a-424c-ae3f-0efbda830e2b;Keyboard;10;488.37
5af57340-726f-43bd-8b07-586040fc273a;For repair Pizza;4;802.39
e03a8a7d-0c17-40f8-ac54-58ddee2d1bc2;Plastic Chips;5;216.34
197a04f1-2831-41ab-bbf8-f343e5b44d3f;Chips;1;656.81
6b8e212c-db64-4db2-a780-945474d6ae96;Licensed Car;10;608.38
63d4510a-63c3-4072-bb10-a2aeac0074ad;Cheese;7;911.88
2b0358a2-d01f-4673-afc2-a10eebaf0e0f;Mouse;7;6.2
1be9ce5b-aa39-4ea6-b769-5252a20195d0;Refined Fresh Sausages;8;598.7
197a04f1-2831-41ab-bbf8-f343e5b44d3f;Plastic Chair;0;785.8
4857cbc2-d9d8-439f-9e59-6ddf085b20cf;Mouse;8;659.1
d7556b6c-9865-4285-a36d-ae68f3149c53;Ergonomic Rubber Shirt;1;467.63
4857cbc2-d9d8-439f-9e59-6ddf085b20cf;Unbranded Soft Chicken;9;948.93
247e7e66-76b9-4b42-8ad2-63ca67c0357c;For repair Chips;8;544.82
5af57340-726f-43bd-8b07-586040fc273a;Rubber Pizza;1;295.97
e8b5e363-60a4-4ef9-82bf-62a1b4b28213;Tasty Wooden Pizza;1;812.16
7fe7f778-064a-424c-ae3f-0efbda830e2b;Chips;9;41.86
236f36b1-1271-4716-ae45-99ec30e8068e;Shoes;5;12.73
d3764c04-7761-44f7-9ac9-fd219517fe6f;Tasty Tuna;10;896.53
d3764c04-7761-44f7-9ac9-fd219517fe6f;New Chicken;9;700.87
2b0358a2-d01f-4673-afc2-a10eebaf0e0f;Small Fish;10;715.92
236f36b1-1271-4716-ae45-99ec30e8068e;Ergonomic Steel Computer;6;380.73
197a04f1-2831-41ab-bbf8-f343e5b44d3f;Table;2;621.6
c33455e8-01e4-406a-af94-8e2b1021d52c;Gently Used Granite Tuna;9;799.33
63d4510a-63c3-4072-bb10-a2aeac0074ad;Gorgeous Granite Shirt;10;8.18
247e7e66-76b9-4b42-8ad2-63ca67c0357c;Cheese;10;716.54
4857cbc2-d9d8-439f-9e59-6ddf085b20cf;Ergonomic Car;7;712.18
247e7e66-76b9-4b42-8ad2-63ca67c0357c;Gorgeous Gloves;1;306.63
e03a8a7d-0c17-40f8-ac54-58ddee2d1bc2;Gently Used Metal Pants;9;702.14
4857cbc2-d9d8-439f-9e59-6ddf085b20cf;Ergonomic Sausages;4;637.33
e8b5e363-60a4-4ef9-82bf-62a1b4b28213;Cheese;1;557.52
4857cbc2-d9d8-439f-9e59-6ddf085b20cf;Gorgeous Gloves;0;430.39
4857cbc2-d9d8-439f-9e59-6ddf085b20cf;Bike;9;5.2
197a04f1-2831-41ab-bbf8-f343e5b44d3f;Steel Shoes;7;630.96
197a04f1-2831-41ab-bbf8-f343e5b44d3f;For repair Keyboard;0;565.82
4857cbc2-d9d8-439f-9e59-6ddf085b20cf;Rustic Chair;0;999.51
197a04f1-2831-41ab-bbf8-f343e5b44d3f;Gently Used Rubber Bike;8;875.64
b36ded61-f6d0-472b-a8d6-5d2e514c7eb7;Rustic Cotton Cheese;10;374.78
63d4510a-63c3-4072-bb10-a2aeac0074ad;Keyboard;3;681.8
e03a8a7d-0c17-40f8-ac54-58ddee2d1bc2;Awesome Computer;9;774.39
c33455e8-01e4-406a-af94-8e2b1021d52c;Sausages;0;157.44
6b8e212c-db64-4db2-a780-945474d6ae96;Ergonomic Granite Gloves;1;852.47
f3b0b40c-0956-4c5a-bacc-c3b22c9d9c68;Plastic Hat;0;983.5
e03a8a7d-0c17-40f8-ac54-58ddee2d1bc2;Concrete Mouse;9;495.24
7fe7f778-064a-424c-ae3f-0efbda830e2b;Refined Concrete Salad;2;638.3
c3c1faec-b241-43fd-a6b6-6991d1f13805;Tasty Chair;10;661.12
6b8e212c-db64-4db2-a780-945474d6ae96;Handcrafted Wooden Shoes;1;839.31
197a04f1-2831-41ab-bbf8-f343e5b44d3f;Handmade Pants;7;840.4
236f36b1-1271-4716-ae45-99ec30e8068e;Practical Hat;0;113.5
d7556b6c-9865-4285-a36d-ae68f3149c53;Used Sausages;3;801.39
63d4510a-63c3-4072-bb10-a2aeac0074ad;Granite Chicken;10;616.32
c33455e8-01e4-406a-af94-8e2b1021d52c;Tasty Frozen Table;7;911.42
4857cbc2-d9d8-439f-9e59-6ddf085b20cf;Fish;4;308.97
980be45d-4870-4ec6-bf08-004d6b683758;New Rubber Keyboard;0;149.5
980be45d-4870-4ec6-bf08-004d6b683758;Soft Sausages;4;877.7
5af57340-726f-43bd-8b07-586040fc273a;Handmade Rubber Hat;8;433.61
63d4510a-63c3-4072-bb10-a2aeac0074ad;Practical Steel Tuna;5;811.64
1be9ce5b-aa39-4ea6-b769-5252a20195d0;Ergonomic Granite Shoes;6;477.3
c33455e8-01e4-406a-af94-8e2b1021d52c;Practical Wooden Chair;2;717.42
7fe7f778-064a-424c-ae3f-0efbda830e2b;Fresh Shirt;0;560.7
d3764c04-7761-44f7-9ac9-fd219517fe6f;Ball;6;50.87
6b8e212c-db64-4db2-a780-945474d6ae96;Wooden Shoes;10;683.86
2b0358a2-d01f-4673-afc2-a10eebaf0e0f;Chips;3;621.94
7fe7f778-064a-424c-ae3f-0efbda830e2b;Bike;9;188.77
d7556b6c-9865-4285-a36d-ae68f3149c53;Refined Chips;5;894.6
5c2ca946-339e-4ef2-8761-ed69379ad611;Tasty Chips;0;943.75
6b8e212c-db64-4db2-a780-945474d6ae96;Ergonomic Soap;0;193.27
b36ded61-f6d0-472b-a8d6-5d2e514c7eb7;Awesome Steel Bike;0;525.28
e03a8a7d-0c17-40f8-ac54-58ddee2d1bc2;Steel Pizza;4;145.79
7fe7f778-064a-424c-ae3f-0efbda830e2b;Rustic Wooden Cheese;5;360.93
d3764c04-7761-44f7-9ac9-fd219517fe6f;Handcrafted Pizza;9;581.16
1be9ce5b-aa39-4ea6-b769-5252a20195d0;Rustic Gloves;1;309.15
4857cbc2-d9d8-439f-9e59-6ddf085b20cf;Small Mouse;2;114.47
5c2ca946-339e-4ef2-8761-ed69379ad611;Soft Hat;10;416.61
d3764c04-7761-44f7-9ac9-fd219517fe6f;Gorgeous Mouse;3;381.85
2b0358a2-d01f-4673-afc2-a10eebaf0e0f;Ball;8;137.95
b36ded61-f6d0-472b-a8d6-5d2e514c7eb7;Cotton Pizza;10;762.53
236f36b1-1271-4716-ae45-99ec30e8068e;Shirt;3;462.8
6b8e212c-db64-4db2-a780-945474d6ae96;Steel Tuna;0;40.14
1be9ce5b-aa39-4ea6-b769-5252a20195d0;Wooden Shoes;6;15.24
c33455e8-01e4-406a-af94-8e2b1021d52c;Gloves;4;191.14
1be9ce5b-aa39-4ea6-b769-5252a20195d0;Incredible Rubber Shirt;9;340.29
e03a8a7d-0c17-40f8-ac54-58ddee2d1bc2;Rubber Salad;5;590.1
1be9ce5b-aa39-4ea6-b769-5252a20195d0;Generic Mouse;1;276.3
d3764c04-7761-44f7-9ac9-fd219517fe6f;Tuna;7;555.68
980be45d-4870-4ec6-bf08-004d6b683758;Rubber Table;9;758.54
5c2ca946-339e-4ef2-8761-ed69379ad611;Fantastic Cheese;0;592.11
1be9ce5b-aa39-4ea6-b769-5252a20195d0;Tasty Granite Table;6;386.77
63d4510a-63c3-4072-bb10-a2aeac0074ad;Rubber Car;10;63.9
1be9ce5b-aa39-4ea6-b769-5252a20195d0;Granite Fish;1;758.9
236f36b1-1271-4716-ae45-99ec30e8068e;Metal Chair;7;483.28
236f36b1-1271-4716-ae45-99ec30e8068e;Used Salad;9;802.18
980be45d-4870-4ec6-bf08-004d6b683758;Handcrafted Metal Ball;0;15.13
d3764c04-7761-44f7-9ac9-fd219517fe6f;Plastic Towels;3;11.79
5af57340-726f-43bd-8b07-586040fc273a;Mouse;7;628.49
247e7e66-76b9-4b42-8ad2-63ca67c0357c;Chicken;5;623.91
c33455e8-01e4-406a-af94-8e2b1021d52c;Gently Used Bacon;3;610.39
980be45d-4870-4ec6-bf08-004d6b683758;Fresh Fish;7;559.37
980be45d-4870-4ec6-bf08-004d6b683758;Generic Chicken;9;668.56
b36ded61-f6d0-472b-a8d6-5d2e514c7eb7;Shoes;7;185.41
d7556b6c-9865-4285-a36d-ae68f3149c53;Gently Used Frozen Cheese;7;467.99
1be9ce5b-aa39-4ea6-b769-5252a20195d0;Used Cotton Ball;5;743.1
4857cbc2-d9d8-439f-9e59-6ddf085b20cf;Small Wooden Bacon;7;482.28
e03a8a7d-0c17-40f8-ac54-58ddee2d1bc2;Granite Shirt;4;50.95
197a04f1-2831-41ab-bbf8-f343e5b44d3f;Wooden Table;4;53.55
1be9ce5b-aa39-4ea6-b769-5252a20195d0;Ball;7;274.55
980be45d-4870-4ec6-bf08-004d6b683758;Rubber Ball;7;399.1
4857cbc2-d9d8-439f-9e59-6ddf085b20cf;Cheese;2;350.65
6b8e212c-db64-4db2-a780-945474d6ae96;Bacon;2;758.27
e03a8a7d-0c17-40f8-ac54-58ddee2d1bc2;Gently Used Cotton Pants;7;796.64
5af57340-726f-43bd-8b07-586040fc273a;Metal Shoes;10;871.6
247e7e66-76b9-4b42-8ad2-63ca67c0357c;Wooden Tuna;6;178.93
c33455e8-01e4-406a-af94-8e2b1021d52c;New Chips;7;620.96
d7556b6c-9865-4285-a36d-ae68f3149c53;Chips;0;545.58
980be45d-4870-4ec6-bf08-004d6b683758;Wooden Table;2;632.22
5af57340-726f-43bd-8b07-586040fc273a;Granite Salad;8;904.51
c33455e8-01e4-406a-af94-8e2b1021d52c;Plastic Shirt;2;695.7
980be45d-4870-4ec6-bf08-004d6b683758;Ergonomic Shoes;0;191.38
980be45d-4870-4ec6-bf08-004d6b683758;Table;10;105.37
980be45d-4870-4ec6-bf08-004d6b683758;Ergonomic Chicken;3;670.64
5af57340-726f-43bd-8b07-586040fc273a;Bacon;3;250.26
236f36b1-1271-4716-ae45-99ec30e8068e;Ergonomic Soft Chicken;4;401.87
d3764c04-7761-44f7-9ac9-fd219517fe6f;Handcrafted Pants;1;813.88
b36ded61-f6d0-472b-a8d6-5d2e514c7eb7;Unbranded Metal Ball;3;767.88
5c2ca946-339e-4ef2-8761-ed69379ad611;Gorgeous Mouse;8;509.24
c33455e8-01e4-406a-af94-8e2b1021d52c;Plastic Chips;10;734.44
4857cbc2-d9d8-439f-9e59-6ddf085b20cf;Handcrafted Pizza;1;715.67
247e7e66-76b9-4b42-8ad2-63ca67c0357c;Shoes;2;790.98
6b8e212c-db64-4db2-a780-945474d6ae96;Rustic Chair;0;300.68
1be9ce5b-aa39-4ea6-b769-5252a20195d0;Rustic Granite Mouse;8;401.9
6b8e212c-db64-4db2-a780-945474d6ae96;Sleek Cotton Bacon;4;709.94
d7556b6c-9865-4285-a36d-ae68f3149c53;Frozen Soap;1;632.62
197a04f1-2831-41ab-bbf8-f343e5b44d3f;Awesome Rubber Bacon;9;175.23
6b8e212c-db64-4db2-a780-945474d6ae96;Sausages;2;683.8
d3764c04-7761-44f7-9ac9-fd219517fe6f;Towels;9;187.47
e8b5e363-60a4-4ef9-82bf-62a1b4b28213;Cotton Car;9;884.58
980be45d-4870-4ec6-bf08-004d6b683758;Shoes;2;632.25
980be45d-4870-4ec6-bf08-004d6b683758;Used Granite Sausages;1;181.9
236f36b1-1271-4716-ae45-99ec30e8068e;Licensed Granite Hat;3;260.25
f3b0b40c-0956-4c5a-bacc-c3b22c9d9c68;Awesome Granite Mouse;1;807.97
1be9ce5b-aa39-4ea6-b769-5252a20195d0;Small Plastic Ball;4;238.26
c3c1faec-b241-43fd-a6b6-6991d1f13805;Incredible Steel Chair;4;548.57
d3764c04-7761-44f7-9ac9-fd219517fe6f;Concrete Tuna;2;517.8
f3b0b40c-0956-4c5a-bacc-c3b22c9d9c68;Rubber Pizza;9;852.64
2b0358a2-d01f-4673-afc2-a10eebaf0e0f;Rubber Shirt;1;937.1
c33455e8-01e4-406a-af94-8e2b1021d52c;Used Metal Car;5;684.6
5af57340-726f-43bd-8b07-586040fc273a;Towels;9;198.63
247e7e66-76b9-4b42-8ad2-63ca67c0357c;Licensed Gloves;2;752.97
7fe7f778-064a-424c-ae3f-0efbda830e2b;Gorgeous Plastic Soap;10;22.5
e8b5e363-60a4-4ef9-82bf-62a1b4b28213;New Granite Ball;5;951.4
247e7e66-76b9-4b42-8ad2-63ca67c0357c;Awesome Computer;8;705.74
63d4510a-63c3-4072-bb10-a2aeac0074ad;Fish;9;300.4
236f36b1-1271-4716-ae45-99ec30e8068e;Car;6;121.2
c33455e8-01e4-406a-af94-8e2b1021d52c;Steel Gloves;9;313.27
d7556b6c-9865-4285-a36d-ae68f3149c53;Bacon;8;915.46
e03a8a7d-0c17-40f8-ac54-58ddee2d1bc2;Shirt;1;528.44
c3c1faec-b241-43fd-a6b6-6991d1f13805;Frozen Hat;3;497.59
197a04f1-2831-41ab-bbf8-f343e5b44d3f;Hat;5;924.13
5af57340-726f-43bd-8b07-586040fc273a;Concrete Chips;2;22.37
247e7e66-76b9-4b42-8ad2-63ca67c0357c;Chips;6;844.3
c3c1faec-b241-43fd-a6b6-6991d1f13805;Incredible Wooden Gloves;2;746.1
7fe7f778-064a-424c-ae3f-0efbda830e2b;Wooden Pizza;10;451.45
980be45d-4870-4ec6-bf08-004d6b683758;Bacon;7;232.5
5c2ca946-339e-4ef2-8761-ed69379ad611;Granite Shoes;9;559.23
e03a8a7d-0c17-40f8-ac54-58ddee2d1bc2;Granite Ball;5;317.2
7fe7f778-064a-424c-ae3f-0efbda830e2b;Handmade Bacon;7;868.6
d3764c04-7761-44f7-9ac9-fd219517fe6f;Incredible Ball;1;536.75
980be45d-4870-4ec6-bf08-004d6b683758;Tuna;1;881.46
1be9ce5b-aa39-4ea6-b769-5252a20195d0;Frozen Gloves;7;198.14
c3c1faec-b241-43fd-a6b6-6991d1f13805;Fresh Shirt;8;711.13
b36ded61-f6d0-472b-a8d6-5d2e514c7eb7;Steel Table;3;541.79
4857cbc2-d9d8-439f-9e59-6ddf085b20cf;Intelligent Ball;9;497.13
980be45d-4870-4ec6-bf08-004d6b683758;For repair Keyboard;10;76.0
4857cbc2-d9d8-439f-9e59-6ddf085b20cf;Tasty Gloves;6;899.92
2b0358a2-d01f-4673-afc2-a10eebaf0e0f;Bacon;9;312.7
6b8e212c-db64-4db2-a780-945474d6ae96;Hat;9;607.22
6b8e212c-db64-4db2-a780-945474d6ae96;Handmade Salad;3;154.18
e8b5e363-60a4-4ef9-82bf-62a1b4b28213;Mouse;6;596.22
e03a8a7d-0c17-40f8-ac54-58ddee2d1bc2;Wooden Table;8;210.59
f3b0b40c-0956-4c5a-bacc-c3b22c9d9c68;Sausages;9;131.0
2b0358a2-d01f-4673-afc2-a10eebaf0e0f;Incredible Sausages;4;988.15
1be9ce5b-aa39-4ea6-b769-5252a20195d0;Ergonomic Concrete Soap;9;241.64
d7556b6c-9865-4285-a36d-ae68f3149c53;Chair;2;59.87
2b0358a2-d01f-4673-afc2-a10eebaf0e0f;Ergonomic Metal Chips;8;287.31
63d4510a-63c3-4072-bb10-a2aeac0074ad;Tasty Pizza;5;729.26
63d4510a-63c3-4072-bb10-a2aeac0074ad;Gorgeous Pizza;10;614.75
197a04f1-2831-41ab-bbf8-f343e5b44d3f;Sausages;3;955.68
e8b5e363-60a4-4ef9-82bf-62a1b4b28213;Awesome Fresh Bike;1;475.12
c33455e8-01e4-406a-af94-8e2b1021d52c;Tasty Granite Shirt;1;468.52
b36ded61-f6d0-472b-a8d6-5d2e514c7eb7;Hat;7;807.12
5c2ca946-339e-4ef2-8761-ed69379ad611;Concrete Gloves;1;867.4
d7556b6c-9865-4285-a36d-ae68f3149c53;Gorgeous Sausages;6;196.0
f3b0b40c-0956-4c5a-bacc-c3b22c9d9c68;Small Shirt;7;396.25
2b0358a2-d01f-4673-afc2-a10eebaf0e0f;Unbranded Shoes;5;344.3
f3b0b40c-0956-4c5a-bacc-c3b22c9d9c68;Sausages;8;160.19
c33455e8-01e4-406a-af94-8e2b1021d52c;Licensed Tuna;7;770.41
4857cbc2-d9d8-439f-9e59-6ddf085b20cf;Soft Table;2;525.54
b36ded61-f6d0-472b-a8d6-5d2e514c7eb7;Small Granite Fish;7;323.8
d3764c04-7761-44f7-9ac9-fd219517fe6f;New Cotton Tuna;3;688.78
2b0358a2-d01f-4673-afc2-a10eebaf0e0f;Mouse;0;456.92
247e7e66-76b9-4b42-8ad2-63ca67c0357c;Handcrafted Computer;3;123.45
4857cbc2-d9d8-439f-9e59-6ddf085b20cf;Metal Fish;4;373.98
c3c1faec-b241-43fd-a6b6-6991d1f13805;Gloves;6;989.52
c33455e8-01e4-406a-af94-8e2b1021d52c;Fresh Computer;0;566.7
4857cbc2-d9d8-439f-9e59-6ddf085b20cf;Sleek Wooden Towels;6;120.7
1be9ce5b-aa39-4ea6-b769-5252a20195d0;Awesome Concrete Salad;3;243.84
1be9ce5b-aa39-4ea6-b769-5252a20195d0;Gorgeous Pants;3;428.89
4857cbc2-d9d8-439f-9e59-6ddf085b20cf;Frozen Hat;7;206.8
1be9ce5b-aa39-4ea6-b769-5252a20195d0;Fantastic Towels;10;321.68
d3764c04-7761-44f7-9ac9-fd219517fe6f;Plastic Pizza;5;549.87
247e7e66-76b9-4b42-8ad2-63ca67c0357c;Plastic Shirt;7;792.44
247e7e66-76b9-4b42-8ad2-63ca67c0357c;Awesome Wooden Gloves;10;285.3
4857cbc2-d9d8-439f-9e59-6ddf085b20cf;Tasty Concrete Sausages;1;821.63
f3b0b40c-0956-4c5a-bacc-c3b22c9d9c68;Car;6;302.0
e03a8a7d-0c17-40f8-ac54-58ddee2d1bc2;Granite Salad;7;248.7
63d4510a-63c3-4072-bb10-a2aeac0074ad;Steel Table;3;211.12
1be9ce5b-aa39-4ea6-b769-5252a20195d0;Ergonomic Mouse;9;513.6
7fe7f778-064a-424c-ae3f-0efbda830e2b;Ergonomic Pants;7;798.96
2b0358a2-d01f-4673-afc2-a10eebaf0e0f;Sausages;9;580.77
6b8e212c-db64-4db2-a780-945474d6ae96;Sausages;3;499.85
c3c1faec-b241-43fd-a6b6-6991d1f13805;Ergonomic Plastic Fish;4;52.9
d7556b6c-9865-4285-a36d-ae68f3149c53;Car;1;488.43
197a04f1-2831-41ab-bbf8-f343e5b44d3f;Shirt;9;882.35
5af57340-726f-43bd-8b07-586040fc273a;Soft Towels;3;731.48
6b8e212c-db64-4db2-a780-945474d6ae96;Towels;5;668.92
980be45d-4870-4ec6-bf08-004d6b683758;Used Table;9;937.27
c33455e8-01e4-406a-af94-8e2b1021d52c;Refined Fresh Cheese;9;656.32
6b8e212c-db64-4db2-a780-945474d6ae96;Rubber Pants;3;111.33
5c2ca946-339e-4ef2-8761-ed69379ad611;Sleek Fish;0;428.14
980be45d-4870-4ec6-bf08-004d6b683758;Soft Gloves;0;779.5
6b8e212c-db64-4db2-a780-945474d6ae96;Metal Chicken;5;530.19
e8b5e363-60a4-4ef9-82bf-62a1b4b28213;Fresh Cheese;4;497.43
e8b5e363-60a4-4ef9-82bf-62a1b4b28213;Chips;9;883.71
6b8e212c-db64-4db2-a780-945474d6ae96;Intelligent Chips;10;912.18
63d4510a-63c3-4072-bb10-a2aeac0074ad;New Cheese;7;661.13
c33455e8-01e4-406a-af94-8e2b1021d52c;Table;9;153.54
5af57340-726f-43bd-8b07-586040fc273a;Frozen Car;4;970.97
197a04f1-2831-41ab-bbf8-f343e5b44d3f;Generic Plastic Towels;8;160.43
197a04f1-2831-41ab-bbf8-f343e5b44d3f;Handmade Plastic Computer;6;9.4
f3b0b40c-0956-4c5a-bacc-c3b22c9d9c68;Rubber Cheese;10;443.44
5c2ca946-339e-4ef2-8761-ed69379ad611;Sausages;9;337.22
5c2ca946-339e-4ef2-8761-ed69379ad611;Wooden Soap;0;303.6
247e7e66-76b9-4b42-8ad2-63ca67c0357c;Gorgeous Wooden Bike;9;489.55
236f36b1-1271-4716-ae45-99ec30e8068e;Plastic Soap;5;982.41
5c2ca946-339e-4ef2-8761-ed69379ad611;Concrete Table;8;494.47
c33455e8-01e4-406a-af94-8e2b1021d52c;Incredible Ball;7;659.48
2b0358a2-d01f-4673-afc2-a10eebaf0e0f;Car;5;614.35
2b0358a2-d01f-4673-afc2-a10eebaf0e0f;Wooden Mouse;2;249.6
236f36b1-1271-4716-ae45-99ec30e8068e;Intelligent Sausages;10;333.25
7fe7f778-064a-424c-ae3f-0efbda830e2b;Sleek Cotton Mouse;9;777.26
63d4510a-63c3-4072-bb10-a2aeac0074ad;Rubber Pizza;3;172.5
197a04f1-2831-41ab-bbf8-f343e5b44d3f;Fresh Fish;7;219.53
5af57340-726f-43bd-8b07-586040fc273a;Shirt;6;560.9
c33455e8-01e4-406a-af94-8e2b1021d52c;Practical Car;7;150.39
4857cbc2-d9d8-439f-9e59-6ddf085b20cf;Practical Car;4;630.17
197a04f1-2831-41ab-bbf8-f343e5b44d3f;Gently Used Cheese;1;415.39
980be45d-4870-4ec6-bf08-004d6b683758;Ball;5;998.2
c33455e8-01e4-406a-af94-8e2b1021d52c;Licensed Steel Pants;0;8.4
b36ded61-f6d0-472b-a8d6-5d2e514c7eb7;Rubber Soap;2;35.93
1be9ce5b-aa39-4ea6-b769-5252a20195d0;Frozen Tuna;9;52.91
247e7e66-76b9-4b42-8ad2-63ca67c0357c;Unbranded Cotton Shirt;3;653.72
6b8e212c-db64-4db2-a780-945474d6ae96;Chicken;10;102.98
247e7e66-76b9-4b42-8ad2-63ca67c0357c;Steel Ball;8;264.22
5af57340-726f-43bd-8b07-586040fc273a;Refined Chicken;6;432.48
f3b0b40c-0956-4c5a-bacc-c3b22c9d9c68;Rubber Cheese;3;831.72
197a04f1-2831-41ab-bbf8-f343e5b44d3f;Intelligent Hat;8;186.39
e8b5e363-60a4-4ef9-82bf-62a1b4b28213;Handmade Metal Tuna;3;790.23
c33455e8-01e4-406a-af94-8e2b1021d52c;Fantastic Cotton Shoes;4;2.32
197a04f1-2831-41ab-bbf8-f343e5b44d3f;Sausages;1;399.45
2b0358a2-d01f-4673-afc2-a10eebaf0e0f;Intelligent Fish;6;275.76
1be9ce5b-aa39-4ea6-b769-5252a20195d0;Rustic Soap;2;38.4
236f36b1-1271-4716-ae45-99ec30e8068e;Plastic Ball;6;918.43
7fe7f778-064a-424c-ae3f-0efbda830e2b;Hat;0;34.26
7fe7f778-064a-424c-ae3f-0efbda830e2b;For repair Mouse;1;954.46
63d4510a-63c3-4072-bb10-a2aeac0074ad;Sleek Tuna;1;871.26
c3c1faec-b241-43fd-a6b6-6991d1f13805;Tasty Table;10;833.59
e03a8a7d-0c17-40f8-ac54-58ddee2d1bc2;Wooden Shirt;2;809.0
980be45d-4870-4ec6-bf08-004d6b683758;Hat;10;293.51
6b8e212c-db64-4db2-a780-945474d6ae96;Computer;2;93.51
f3b0b40c-0956-4c5a-bacc-c3b22c9d9c68;Tasty Fresh Cheese;0;387.65
c33455e8-01e4-406a-af94-8e2b1021d52c;Concrete Shoes;9;346.82
2b0358a2-d01f-4673-afc2-a10eebaf0e0f;Cotton Shoes;1;89.64
236f36b1-1271-4716-ae45-99ec30e8068e;Soap;8;576.55
7fe7f778-064a-424c-ae3f-0efbda830e2b;Practical Sausages;0;329.78
e03a8a7d-0c17-40f8-ac54-58ddee2d1bc2;Refined Car;10;725.17
197a04f1-2831-41ab-bbf8-f343e5b44d3f;Used Wooden Bike;3;112.38
197a04f1-2831-41ab-bbf8-f343e5b44d3f;Chicken;10;676.99
d3764c04-7761-44f7-9ac9-fd219517fe6f;New Cotton Table;7;407.86
980be45d-4870-4ec6-bf08-004d6b683758;New Concrete Chips;1;868.73
f3b0b40c-0956-4c5a-bacc-c3b22c9d9c68;Handcrafted Soap;4;232.72
f3b0b40c-0956-4c5a-bacc-c3b22c9d9c68;Chicken;10;306.15
1be9ce5b-aa39-4ea6-b769-5252a20195d0;Cheese;8;361.27
e03a8a7d-0c17-40f8-ac54-58ddee2d1bc2;Fantastic Granite Car;4;77.43
4857cbc2-d9d8-439f-9e59-6ddf085b20cf;Granite Shoes;4;160.6
d3764c04-7761-44f7-9ac9-fd219517fe6f;Granite Chips;7;910.77
4857cbc2-d9d8-439f-9e59-6ddf085b20cf;Pants;5;644.59
6b8e212c-db64-4db2-a780-945474d6ae96;Pants;0;763.72
d7556b6c-9865-4285-a36d-ae68f3149c53;Plastic Soap;5;438.15
2b0358a2-d01f-4673-afc2-a10eebaf0e0f;Handmade Metal Chair;7;468.98
c3c1faec-b241-43fd-a6b6-6991d1f13805;Generic Soft Gloves;1;630.76
5c2ca946-339e-4ef2-8761-ed69379ad611;Practical Cotton Bacon;2;475.88
d7556b6c-9865-4285-a36d-ae68f3149c53;Unbranded Sausages;1;111.2
247e7e66-76b9-4b42-8ad2-63ca67c0357c;Awesome Bike;8;687.34
1be9ce5b-aa39-4ea6-b769-5252a20195d0;For repair Soft Chair;2;753.39
7fe7f778-064a-424c-ae3f-0efbda830e2b;Cotton Keyboard;2;316.3
f3b0b40c-0956-4c5a-bacc-c3b22c9d9c68;New Fish;6;436.74
f3b0b40c-0956-4c5a-bacc-c3b22c9d9c68;Steel Ball;1;142.7
5c2ca946-339e-4ef2-8761-ed69379ad611;Small Soft Cheese;1;212.46
c33455e8-01e4-406a-af94-8e2b1021d52c;Tasty Fresh Chair;9;953.49
1be9ce5b-aa39-4ea6-b769-5252a20195d0;Refined Metal Shirt;4;864.2
197a04f1-2831-41ab-bbf8-f343e5b44d3f;New Cotton Chicken;2;842.82
2b0358a2-d01f-4673-afc2-a10eebaf0e0f;Licensed Chair;1;735.77
6b8e212c-db64-4db2-a780-945474d6ae96;Plastic Mouse;9;640.1
e03a8a7d-0c17-40f8-ac54-58ddee2d1bc2;Chair;7;789.7
7fe7f778-064a-424c-ae3f-0efbda830e2b;Steel Salad;3;705.4
f3b0b40c-0956-4c5a-bacc-c3b22c9d9c68;Used Frozen Chair;3;753.49
b36ded61-f6d0-472b-a8d6-5d2e514c7eb7;Fantastic Ball;4;387.41
c33455e8-01e4-406a-af94-8e2b1021d52c;Towels;8;996.11
4857cbc2-d9d8-439f-9e59-6ddf085b20cf;Sleek Frozen Soap;10;310.14
d3764c04-7761-44f7-9ac9-fd219517fe6f;Mouse;2;649.47
d3764c04-7761-44f7-9ac9-fd219517fe6f;Refined Concrete Table;2;478.63
980be45d-4870-4ec6-bf08-004d6b683758;Cheese;2;399.16
4857cbc2-d9d8-439f-9e59-6ddf085b20cf;Awesome Fresh Soap;3;739.7
980be45d-4870-4ec6-bf08-004d6b683758;Used Wooden Computer;6;611.8
63d4510a-63c3-4072-bb10-a2aeac0074ad;Rubber Sausages;5;98.7
b36ded61-f6d0-472b-a8d6-5d2e514c7eb7;Fantastic Ball;5;573.64
5c2ca946-339e-4ef2-8761-ed69379ad611;Gorgeous Bacon;7;33.65
7fe7f778-064a-424c-ae3f-0efbda830e2b;Refined Ball;6;922.42
4857cbc2-d9d8-439f-9e59-6ddf085b20cf;Keyboard;10;414.44
c3c1faec-b241-43fd-a6b6-6991d1f13805;Awesome Shoes;1;690.73
e03a8a7d-0c17-40f8-ac54-58ddee2d1bc2;Practical Chicken;6;369.28
247e7e66-76b9-4b42-8ad2-63ca67c0357c;Wooden Table;0;145.5
e8b5e363-60a4-4ef9-82bf-62a1b4b28213;Plastic Chips;2;436.0
e03a8a7d-0c17-40f8-ac54-58ddee2d1bc2;Soft Keyboard;5;715.87
6b8e212c-db64-4db2-a780-945474d6ae96;Towels;8;324.29
c3c1faec-b241-43fd-a6b6-6991d1f13805;Mouse;9;181.57
f3b0b40c-0956-4c5a-bacc-c3b22c9d9c68;Practical Plastic Shoes;8;73.72
b36ded61-f6d0-472b-a8d6-5d2e514c7eb7;Licensed Fresh Sausages;9;589.25
1be9ce5b-aa39-4ea6-b769-5252a20195d0;Gloves;6;587.45
c3c1faec-b241-43fd-a6b6-6991d1f13805;Chicken;0;187.69
980be45d-4870-4ec6-bf08-004d6b683758;Awesome Tuna;8;49.63
c3c1faec-b241-43fd-a6b6-6991d1f13805;Fish;2;933.98
197a04f1-2831-41ab-bbf8-f343e5b44d3f;Tasty Concrete Bacon;5;96.63
5c2ca946-339e-4ef2-8761-ed69379ad611;Handcrafted Wooden Bike;5;185.12
e8b5e363-60a4-4ef9-82bf-62a1b4b28213;Handmade Chips;6;309.18
1be9ce5b-aa39-4ea6-b769-5252a20195d0;Gorgeous Soft Sausages;6;476.91
247e7e66-76b9-4b42-8ad2-63ca67c0357c;Wooden Car;2;839.97
5c2ca946-339e-4ef2-8761-ed69379ad611;Cotton Shoes;4;693.83
c33455e8-01e4-406a-af94-8e2b1021d52c;Steel Pizza;3;918.31
6b8e212c-db64-4db2-a780-945474d6ae96;Rubber Table;8;852.22
2b0358a2-d01f-4673-afc2-a10eebaf0e0f;Small Sausages;10;957.1
c33455e8-01e4-406a-af94-8e2b1021d52c;Shoes;9;826.6
e8b5e363-60a4-4ef9-82bf-62a1b4b28213;Awesome Granite Sausages;2;510.53
236f36b1-1271-4716-ae45-99ec30e8068e;Frozen Bike;7;601.8
7fe7f778-064a-424c-ae3f-0efbda830e2b;For repair Tuna;1;99.18
63d4510a-63c3-4072-bb10-a2aeac0074ad;Licensed Fresh Table;0;346.92
5c2ca946-339e-4ef2-8761-ed69379ad611;Tasty Shoes;3;490.11
4857cbc2-d9d8-439f-9e59-6ddf085b20cf;Shoes;1;493.18
b36ded61-f6d0-472b-a8d6-5d2e514c7eb7;Sleek Granite Pizza;3;746.76
d3764c04-7761-44f7-9ac9-fd219517fe6f;Incredible Cotton Pants;3;485.5
236f36b1-1271-4716-ae45-99ec30e8068e;Handmade Chips;3;253.86
2b0358a2-d01f-4673-afc2-a10eebaf0e0f;Sleek Chicken;7;690.97
63d4510a-63c3-4072-bb10-a2aeac0074ad;Chips;7;82.21
d3764c04-7761-44f7-9ac9-fd219517fe6f;New Mouse;7;776.51
2b0358a2-d01f-4673-afc2-a10eebaf0e0f;Small Soft Fish;1;794.1
5af57340-726f-43bd-8b07-586040fc273a;Small Chips;1;670.97
236f36b1-1271-4716-ae45-99ec30e8068e;Unbranded Rubber Car;3;613.86
1be9ce5b-aa39-4ea6-b769-5252a20195d0;Wooden Keyboard;6;425.61
5c2ca946-339e-4ef2-8761-ed69379ad611;Fish;6;453.42
1be9ce5b-aa39-4ea6-b769-5252a20195d0;Intelligent Cotton Ball;8;537.47
5af57340-726f-43bd-8b07-586040fc273a;Rustic Tuna;7;150.5
7fe7f778-064a-424c-ae3f-0efbda830e2b;Generic Wooden Mouse;4;890.65
5c2ca946-339e-4ef2-8761-ed69379ad611;Concrete Ball;3;800.1
6b8e212c-db64-4db2-a780-945474d6ae96;Table;3;378.63
197a04f1-2831-41ab-bbf8-f343e5b44d3f;Car;0;466.16
e03a8a7d-0c17-40f8-ac54-58ddee2d1bc2;Shoes;10;665.59
d7556b6c-9865-4285-a36d-ae68f3149c53;Small Soft Hat;2;219.83
c33455e8-01e4-406a-af94-8e2b1021d52c;Sleek Cotton Computer;9;73.66
980be45d-4870-4ec6-bf08-004d6b683758;Generic Fresh Shoes;10;91.28
4857cbc2-d9d8-439f-9e59-6ddf085b20cf;Bacon;0;797.86
247e7e66-76b9-4b42-8ad2-63ca67c0357c;New Shirt;10;593.67
980be45d-4870-4ec6-bf08-004d6b683758;For repair Steel Shoes;0;732.59
e03a8a7d-0c17-40f8-ac54-58ddee2d1bc2;Sleek Soft Chair;4;178.9
e03a8a7d-0c17-40f8-ac54-58ddee2d1bc2;Metal Pizza;3;159.49
b36ded61-f6d0-472b-a8d6-5d2e514c7eb7;Gorgeous Towels;5;355.91
63d4510a-63c3-4072-bb10-a2aeac0074ad;Practical Steel Bacon;8;198.74
2b0358a2-d01f-4673-afc2-a10eebaf0e0f;Intelligent Wooden Car;4;42.8
c3c1faec-b241-43fd-a6b6-6991d1f13805;Shirt;9;569.69
d3764c04-7761-44f7-9ac9-fd219517fe6f;Unbranded Concrete Hat;5;168.25
b36ded61-f6d0-472b-a8d6-5d2e514c7eb7;Granite Bike;1;453.76
d3764c04-7761-44f7-9ac9-fd219517fe6f;Refined Chair;8;829.4
e8b5e363-60a4-4ef9-82bf-62a1b4b28213;Rubber Table;1;271.19
d3764c04-7761-44f7-9ac9-fd219517fe6f;Chips;3;35.98
c33455e8-01e4-406a-af94-8e2b1021d52c;Unbranded Computer;3;834.94
197a04f1-2831-41ab-bbf8-f343e5b44d3f;Soft Salad;10;746.1
980be45d-4870-4ec6-bf08-004d6b683758;Handmade Pizza;0;42.1
c33455e8-01e4-406a-af94-8e2b1021d52c;Sleek Granite Chips;3;36.22
197a04f1-2831-41ab-bbf8-f343e5b44d3f;Chair;3;233.19
e03a8a7d-0c17-40f8-ac54-58ddee2d1bc2;Ball;10;57.97
e03a8a7d-0c17-40f8-ac54-58ddee2d1bc2;Practical Hat;4;35.67
b36ded61-f6d0-472b-a8d6-5d2e514c7eb7;Granite Sausages;4;64.65
7fe7f778-064a-424c-ae3f-0efbda830e2b;New Computer;4;536.6
980be45d-4870-4ec6-bf08-004d6b683758;Tasty Frozen Chips;3;879.38
e03a8a7d-0c17-40f8-ac54-58ddee2d1bc2;Sausages;6;691.85
197a04f1-2831-41ab-bbf8-f343e5b44d3f;Chicken;4;424.22
236f36b1-1271-4716-ae45-99ec30e8068e;Concrete Table;1;37.93
e03a8a7d-0c17-40f8-ac54-58ddee2d1bc2;Concrete Sausages;8;600.56
980be45d-4870-4ec6-bf08-004d6b683758;Small Cheese;5;944.43
247e7e66-76b9-4b42-8ad2-63ca67c0357c;Fresh Mouse;4;855.0
e03a8a7d-0c17-40f8-ac54-58ddee2d1bc2;Shoes;4;863.49
7fe7f778-064a-424c-ae3f-0efbda830e2b;Frozen Table;6;534.0
d3764c04-7761-44f7-9ac9-fd219517fe6f;For repair Chicken;8;410.62
197a04f1-2831-41ab-bbf8-f343e5b44d3f;Tasty Towels;6;773.8
4857cbc2-d9d8-439f-9e59-6ddf085b20cf;Generic Bacon;9;503.13
4857cbc2-d9d8-439f-9e59-6ddf085b20cf;Soft Shirt;1;129.86
6b8e212c-db64-4db2-a780-945474d6ae96;Cotton Chicken;0;640.4
b36ded61-f6d0-472b-a8d6-5d2e514c7eb7;Granite Bike;2;250.42
236f36b1-1271-4716-ae45-99ec30e8068e;Fantastic Plastic Chair;10;359.72
c33455e8-01e4-406a-af94-8e2b1021d52c;Fresh Chips;3;634.42
6b8e212c-db64-4db2-a780-945474d6ae96;Steel Fish;2;466.91
4857cbc2-d9d8-439f-9e59-6ddf085b20cf;Chair;0;111.14
7fe7f778-064a-424c-ae3f-0efbda830e2b;Gorgeous Cotton Keyboard;0;803.99
247e7e66-76b9-4b42-8ad2-63ca67c0357c;Cotton Towels;2;49.6
c3c1faec-b241-43fd-a6b6-6991d1f13805;Small Soap;0;472.61
7fe7f778-064a-424c-ae3f-0efbda830e2b;Handcrafted Wooden Hat;3;650.56
5c2ca946-339e-4ef2-8761-ed69379ad611;New Frozen Chair;6;561.97
c33455e8-01e4-406a-af94-8e2b1021d52c;Practical Rubber Pizza;2;159.46
980be45d-4870-4ec6-bf08-004d6b683758;Soft Bacon;0;615.5
4857cbc2-d9d8-439f-9e59-6ddf085b20cf;Plastic Shirt;10;700.21
c3c1faec-b241-43fd-a6b6-6991d1f13805;Granite Tuna;2;205.45
2b0358a2-d01f-4673-afc2-a10eebaf0e0f;Gently Used Granite Salad;6;14.1
197a04f1-2831-41ab-bbf8-f343e5b44d3f;Refined Sausages;9;140.96
2b0358a2-d01f-4673-afc2-a10eebaf0e0f;Towels;9;965.56
d3764c04-7761-44f7-9ac9-fd219517fe6f;Fresh Pants;10;582.28
63d4510a-63c3-4072-bb10-a2aeac0074ad;Generic Shoes;10;95.28
247e7e66-76b9-4b42-8ad2-63ca67c0357c;Sleek Rubber Chair;0;428.69
7fe7f778-064a-424c-ae3f-0efbda830e2b;Refined Wooden Bacon;5;427.92
e03a8a7d-0c17-40f8-ac54-58ddee2d1bc2;Wooden Salad;3;348.65
d3764c04-7761-44f7-9ac9-fd219517fe6f;Shoes;4;574.46
7fe7f778-064a-424c-ae3f-0efbda830e2b;Fresh Salad;0;733.11
d7556b6c-9865-4285-a36d-ae68f3149c53;Pants;1;148.46
6b8e212c-db64-4db2-a780-945474d6ae96;Sleek Wooden Car;9;636.43
b36ded61-f6d0-472b-a8d6-5d2e514c7eb7;Steel Shirt;6;511.8
d7556b6c-9865-4285-a36d-ae68f3149c53;Handmade Ball;6;555.9
4857cbc2-d9d8-439f-9e59-6ddf085b20cf;Handcrafted Towels;3;200.24
c3c1faec-b241-43fd-a6b6-6991d1f13805;Generic Metal Chips;2;537.37
197a04f1-2831-41ab-bbf8-f343e5b44d3f;Sleek Wooden Salad;4;582.43
6b8e212c-db64-4db2-a780-945474d6ae96;Sleek Fresh Keyboard;4;455.71
197a04f1-2831-41ab-bbf8-f343e5b44d3f;Steel Hat;1;870.92
c33455e8-01e4-406a-af94-8e2b1021d52c;Chicken;4;209.67
980be45d-4870-4ec6-bf08-004d6b683758;Awesome Plastic Hat;7;645.62
247e7e66-76b9-4b42-8ad2-63ca67c0357c;Generic Soap;1;931.95
247e7e66-76b9-4b42-8ad2-63ca67c0357c;Pizza;2;576.33
b36ded61-f6d0-472b-a8d6-5d2e514c7eb7;Car;10;485.43
980be45d-4870-4ec6-bf08-004d6b683758;Handmade Wooden Sausages;10;484.49
d7556b6c-9865-4285-a36d-ae68f3149c53;Soft Cheese;4;864.14
c3c1faec-b241-43fd-a6b6-6991d1f13805;Bike;1;139.63
4857cbc2-d9d8-439f-9e59-6ddf085b20cf;Practical Chips;8;289.18
e03a8a7d-0c17-40f8-ac54-58ddee2d1bc2;Awesome Soft Chair;4;731.27
63d4510a-63c3-4072-bb10-a2aeac0074ad;Sleek Soft Bike;8;562.89
4857cbc2-d9d8-439f-9e59-6ddf085b20cf;Fresh Hat;0;22.1
197a04f1-2831-41ab-bbf8-f343e5b44d3f;Sleek Towels;2;285.4
63d4510a-63c3-4072-bb10-a2aeac0074ad;Handmade Soft Shoes;10;301.52
c33455e8-01e4-406a-af94-8e2b1021d52c;Shirt;8;141.85
e03a8a7d-0c17-40f8-ac54-58ddee2d1bc2;Granite Chicken;7;438.32
980be45d-4870-4ec6-bf08-004d6b683758;Handmade Steel Keyboard;10;770.64
e03a8a7d-0c17-40f8-ac54-58ddee2d1bc2;Shoes;0;282.6
1be9ce5b-aa39-4ea6-b769-5252a20195d0;Soft Pants;1;52.42
d3764c04-7761-44f7-9ac9-fd219517fe6f;Gorgeous Salad;5;640.55
247e7e66-76b9-4b42-8ad2-63ca67c0357c;Cotton Shoes;9;231.95
e03a8a7d-0c17-40f8-ac54-58ddee2d1bc2;Soft Bike;1;382.68
4857cbc2-d9d8-439f-9e59-6ddf085b20cf;Concrete Bacon;7;326.46
247e7e66-76b9-4b42-8ad2-63ca67c0357c;Generic Fresh Computer;4;993.96
d3764c04-7761-44f7-9ac9-fd219517fe6f;Used Rubber Table;10;585.82
2b0358a2-d01f-4673-afc2-a10eebaf0e0f;Sausages;7;348.41
c33455e8-01e4-406a-af94-8e2b1021d52c;Gorgeous Concrete Salad;9;344.53
5c2ca946-339e-4ef2-8761-ed69379ad611;Gently Used Pizza;10;133.91
197a04f1-2831-41ab-bbf8-f343e5b44d3f;Car;0;472.53
6b8e212c-db64-4db2-a780-945474d6ae96;Plastic Bacon;7;382.27
980be45d-4870-4ec6-bf08-004d6b683758;Tasty Pants;5;188.49
6b8e212c-db64-4db2-a780-945474d6ae96;Cheese;0;214.23
c3c1faec-b241-43fd-a6b6-6991d1f13805;Steel Soap;6;758.47
2b0358a2-d01f-4673-afc2-a10eebaf0e0f;Awesome Metal Sausages;10;151.73
e03a8a7d-0c17-40f8-ac54-58ddee2d1bc2;Handcrafted Cotton Ball;6;293.45
e8b5e363-60a4-4ef9-82bf-62a1b4b28213;Used Chair;10;693.64
236f36b1-1271-4716-ae45-99ec30e8068e;Incredible Table;9;821.17
2b0358a2-d01f-4673-afc2-a10eebaf0e0f;Wooden Towels;2;808.37
c33455e8-01e4-406a-af94-8e2b1021d52c;Unbranded Wooden Sausages;3;88.3
d7556b6c-9865-4285-a36d-ae68f3149c53;For repair Plastic Salad;0;427.83
e03a8a7d-0c17-40f8-ac54-58ddee2d1bc2;Gently Used Frozen Cheese;5;236.32
d3764c04-7761-44f7-9ac9-fd219517fe6f;Wooden Cheese;3;181.29
f3b0b40c-0956-4c5a-bacc-c3b22c9d9c68;Ball;9;724.76
63d4510a-63c3-4072-bb10-a2aeac0074ad;Fantastic Chips;7;595.92
7fe7f778-064a-424c-ae3f-0efbda830e2b;Wooden Chair;2;225.1
1be9ce5b-aa39-4ea6-b769-5252a20195d0;Cotton Fish;1;582.77
c3c1faec-b241-43fd-a6b6-6991d1f13805;Frozen Pizza;7;539.46
d7556b6c-9865-4285-a36d-ae68f3149c53;Cotton Cheese;10;280.15
e8b5e363-60a4-4ef9-82bf-62a1b4b28213;Keyboard;2;44.8
b36ded61-f6d0-472b-a8d6-5d2e514c7eb7;For repair Chair;10;294.13
6b8e212c-db64-4db2-a780-945474d6ae96;Fantastic Cotton Pants;3;66.54
d3764c04-7761-44f7-9ac9-fd219517fe6f;Frozen Ball;7;853.61
197a04f1-2831-41ab-bbf8-f343e5b44d3f;Generic Table;4;340.76
2b0358a2-d01f-4673-afc2-a10eebaf0e0f;Frozen Bike;7;261.69
2b0358a2-d01f-4673-afc2-a10eebaf0e0f;Sleek Shirt;2;995.78
4857cbc2-d9d8-439f-9e59-6ddf085b20cf;Chicken;4;718.9
236f36b1-1271-4716-ae45-99ec30e8068e;For repair Steel Shirt;6;873.88
d7556b6c-9865-4285-a36d-ae68f3149c53;Chicken;2;91.66
6b8e212c-db64-4db2-a780-945474d6ae96;Refined Mouse;7;386.47
4857cbc2-d9d8-439f-9e59-6ddf085b20cf;Sleek Towels;1;910.94
5af57340-726f-43bd-8b07-586040fc273a;Tuna;4;369.48
6b8e212c-db64-4db2-a780-945474d6ae96;Rubber Pizza;6;183.94
236f36b1-1271-4716-ae45-99ec30e8068e;Hat;0;464.67
7fe7f778-064a-424c-ae3f-0efbda830e2b;Gorgeous Rubber Sausages;9;83.8
e03a8a7d-0c17-40f8-ac54-58ddee2d1bc2;Handcrafted Frozen Soap;8;623.77
63d4510a-63c3-4072-bb10-a2aeac0074ad;Rubber Computer;5;811.33
c3c1faec-b241-43fd-a6b6-6991d1f13805;Tasty Rubber Chair;5;408.4
d3764c04-7761-44f7-9ac9-fd219517fe6f;Chicken;10;258.55
c33455e8-01e4-406a-af94-8e2b1021d52c;Bacon;0;2.53
e03a8a7d-0c17-40f8-ac54-58ddee2d1bc2;Intelligent Soap;10;512.33
e03a8a7d-0c17-40f8-ac54-58ddee2d1bc2;Ergonomic Tuna;8;124.75
e8b5e363-60a4-4ef9-82bf-62a1b4b28213;Concrete Towels;8;516.42
7fe7f778-064a-424c-ae3f-0efbda830e2b;Keyboard;0;724.55
980be45d-4870-4ec6-bf08-004d6b683758;Small Concrete Chair;2;832.45
247e7e66-76b9-4b42-8ad2-63ca67c0357c;Fresh Chips;10;625.64
6b8e212c-db64-4db2-a780-945474d6ae96;Fantastic Bacon;3;979.53
197a04f1-2831-41ab-bbf8-f343e5b44d3f;Fresh Keyboard;5;274.21
d3764c04-7761-44f7-9ac9-fd219517fe6f;Fantastic Mouse;7;934.2
d3764c04-7761-44f7-9ac9-fd219517fe6f;Used Ball;2;502.9
2b0358a2-d01f-4673-afc2-a10eebaf0e0f;Handcrafted Concrete Chips;3;683.63
63d4510a-63c3-4072-bb10-a2aeac0074ad;Unbranded Soft Shoes;8;284.44
6b8e212c-db64-4db2-a780-945474d6ae96;Fantastic Ball;5;706.69
980be45d-4870-4ec6-bf08-004d6b683758;Handmade Metal Shoes;10;816.58
980be45d-4870-4ec6-bf08-004d6b683758;Tasty Rubber Computer;7;159.84
e03a8a7d-0c17-40f8-ac54-58ddee2d1bc2;Plastic Tuna;10;940.35
2b0358a2-d01f-4673-afc2-a10eebaf0e0f;Rubber Chair;8;316.91
980be45d-4870-4ec6-bf08-004d6b683758;Used Cotton Keyboard;8;522.14
2b0358a2-d01f-4673-afc2-a10eebaf0e0f;Frozen Shirt;7;840.79
f3b0b40c-0956-4c5a-bacc-c3b22c9d9c68;For repair Frozen Mouse;9;362.61
d7556b6c-9865-4285-a36d-ae68f3149c53;Generic Salad;9;60.92
d7556b6c-9865-4285-a36d-ae68f3149c53;Rubber Car;6;227.98
c3c1faec-b241-43fd-a6b6-6991d1f13805;Cotton Keyboard;6;584.27
b36ded61-f6d0-472b-a8d6-5d2e514c7eb7;Incredible Cotton Pizza;7;1.66
1be9ce5b-aa39-4ea6-b769-5252a20195d0;Cotton Computer;7;731.78
1be9ce5b-aa39-4ea6-b769-5252a20195d0;Licensed Chips;1;70.77
7fe7f778-064a-424c-ae3f-0efbda830e2b;Handmade Ball;5;633.77
b36ded61-f6d0-472b-a8d6-5d2e514c7eb7;Bike;1;187.6
980be45d-4870-4ec6-bf08-004d6b683758;Frozen Computer;9;81.37
980be45d-4870-4ec6-bf08-004d6b683758;Incredible Hat;2;748.41
f3b0b40c-0956-4c5a-bacc-c3b22c9d9c68;Plastic Tuna;6;63.99
e03a8a7d-0c17-40f8-ac54-58ddee2d1bc2;Fantastic Granite Tuna;2;41.85
197a04f1-2831-41ab-bbf8-f343e5b44d3f;Sleek Towels;7;789.26
247e7e66-76b9-4b42-8ad2-63ca67c0357c;Hat;4;393.33
236f36b1-1271-4716-ae45-99ec30e8068e;Small Gloves;5;156.82
5c2ca946-339e-4ef2-8761-ed69379ad611;Handmade Ball;7;364.0
d3764c04-7761-44f7-9ac9-fd219517fe6f;For repair Plastic Towels;4;752.19
236f36b1-1271-4716-ae45-99ec30e8068e;Used Rubber Shoes;9;575.84
197a04f1-2831-41ab-bbf8-f343e5b44d3f;Metal Sausages;4;546.79
980be45d-4870-4ec6-bf08-004d6b683758;Used Plastic Computer;9;275.28
b36ded61-f6d0-472b-a8d6-5d2e514c7eb7;Fresh Ball;5;765.42
c33455e8-01e4-406a-af94-8e2b1021d52c;Plastic Pizza;10;665.49
980be45d-4870-4ec6-bf08-004d6b683758;Rustic Computer;1;555.32
247e7e66-76b9-4b42-8ad2-63ca67c0357c;Handcrafted Mouse;9;400.12
247e7e66-76b9-4b42-8ad2-63ca67c0357c;Sleek Chicken;6;483.11
d7556b6c-9865-4285-a36d-ae68f3149c53;Handcrafted Rubber Chair;5;649.35
247e7e66-76b9-4b42-8ad2-63ca67c0357c;Shirt;2;190.8
c33455e8-01e4-406a-af94-8e2b1021d52c;Granite Chair;7;221.19
c33455e8-01e4-406a-af94-8e2b1021d52c;Plastic Chicken;3;973.2
980be45d-4870-4ec6-bf08-004d6b683758;Hat;4;509.21
f3b0b40c-0956-4c5a-bacc-c3b22c9d9c68;Towels;5;932.91
1be9ce5b-aa39-4ea6-b769-5252a20195d0;Gently Used Plastic Mouse;5;792.34
7fe7f778-064a-424c-ae3f-0efbda830e2b;Generic Pizza;1;185.33
2b0358a2-d01f-4673-afc2-a10eebaf0e0f;Intelligent Fresh Towels;3;982.12
247e7e66-76b9-4b42-8ad2-63ca67c0357c;Rustic Plastic Gloves;10;913.94
197a04f1-2831-41ab-bbf8-f343e5b44d3f;Fresh Pizza;3;406.83
7fe7f778-064a-424c-ae3f-0efbda830e2b;Shoes;6;528.65
236f36b1-1271-4716-ae45-99ec30e8068e;Used Bike;1;854.25
c3c1faec-b241-43fd-a6b6-6991d1f13805;Plastic Gloves;10;92.48
236f36b1-1271-4716-ae45-99ec30e8068e;Gently Used Granite Gloves;2;667.56
980be45d-4870-4ec6-bf08-004d6b683758;Fresh Pants;6;545.36
d3764c04-7761-44f7-9ac9-fd219517fe6f;Fantastic Fresh Shoes;9;981.16
236f36b1-1271-4716-ae45-99ec30e8068e;Chair;6;728.16
d3764c04-7761-44f7-9ac9-fd219517fe6f;Handcrafted Cheese;0;964.37
e8b5e363-60a4-4ef9-82bf-62a1b4b28213;Handmade Granite Tuna;0;456.2
f3b0b40c-0956-4c5a-bacc-c3b22c9d9c68;Shoes;9;286.7
5c2ca946-339e-4ef2-8761-ed69379ad611;Sausages;6;426.54
4857cbc2-d9d8-439f-9e59-6ddf085b20cf;Metal Pizza;2;40.43
c33455e8-01e4-406a-af94-8e2b1021d52c;Unbranded Table;9;556.5
c33455e8-01e4-406a-af94-8e2b1021d52c;Handcrafted Metal Computer;0;307.5
5af57340-726f-43bd-8b07-586040fc273a;Sleek Cotton Computer;6;680.36
1be9ce5b-aa39-4ea6-b769-5252a20195d0;Pants;0;680.52
5af57340-726f-43bd-8b07-586040fc273a;Chair;1;755.98
f3b0b40c-0956-4c5a-bacc-c3b22c9d9c68;Refined Frozen Car;0;950.16
d7556b6c-9865-4285-a36d-ae68f3149c53;Handcrafted Steel Computer;8;61.42
2b0358a2-d01f-4673-afc2-a10eebaf0e0f;Handmade Concrete Tuna;0;349.92
f3b0b40c-0956-4c5a-bacc-c3b22c9d9c68;Concrete Salad;0;719.3
e03a8a7d-0c17-40f8-ac54-58ddee2d1bc2;Licensed Fresh Shirt;1;617.87
63d4510a-63c3-4072-bb10-a2aeac0074ad;Ergonomic Cotton Towels;8;579.29
980be45d-4870-4ec6-bf08-004d6b683758;Intelligent Fresh Pants;2;955.95
e8b5e363-60a4-4ef9-82bf-62a1b4b28213;Computer;3;690.77
e8b5e363-60a4-4ef9-82bf-62a1b4b28213;Generic Hat;3;775.85
1be9ce5b-aa39-4ea6-b769-5252a20195d0;Tuna;8;775.87
2b0358a2-d01f-4673-afc2-a10eebaf0e0f;Rubber Shoes;5;381.83
63d4510a-63c3-4072-bb10-a2aeac0074ad;Handcrafted Mouse;3;169.36
d7556b6c-9865-4285-a36d-ae68f3149c53;Small Granite Gloves;3;530.2
2b0358a2-d01f-4673-afc2-a10eebaf0e0f;Rubber Table;1;120.32
236f36b1-1271-4716-ae45-99ec30e8068e;Car;3;36.94
6b8e212c-db64-4db2-a780-945474d6ae96;Ergonomic Concrete Tuna;7;820.14
7fe7f778-064a-424c-ae3f-0efbda830e2b;Sleek Ball;3;688.7
5c2ca946-339e-4ef2-8761-ed69379ad611;New Cheese;5;615.94
2b0358a2-d01f-4673-afc2-a10eebaf0e0f;Concrete Shirt;3;422.1
236f36b1-1271-4716-ae45-99ec30e8068e;Fantastic Gloves;2;750.21
4857cbc2-d9d8-439f-9e59-6ddf085b20cf;Pants;0;572.4
2b0358a2-d01f-4673-afc2-a10eebaf0e0f;Gently Used Computer;9;344.91
d3764c04-7761-44f7-9ac9-fd219517fe6f;Wooden Fish;2;173.5
4857cbc2-d9d8-439f-9e59-6ddf085b20cf;Gorgeous Fish;5;404.26
4857cbc2-d9d8-439f-9e59-6ddf085b20cf;Soft Keyboard;0;213.23
e03a8a7d-0c17-40f8-ac54-58ddee2d1bc2;Mouse;4;864.83
197a04f1-2831-41ab-bbf8-f343e5b44d3f;Generic Granite Pizza;4;15.43
6b8e212c-db64-4db2-a780-945474d6ae96;Metal Computer;6;169.77
4857cbc2-d9d8-439f-9e59-6ddf085b20cf;Chicken;2;337.66
7fe7f778-064a-424c-ae3f-0efbda830e2b;Sleek Salad;6;236.52
d3764c04-7761-44f7-9ac9-fd219517fe6f;For repair Mouse;0;614.1
c33455e8-01e4-406a-af94-8e2b1021d52c;Granite Cheese;9;940.7
b36ded61-f6d0-472b-a8d6-5d2e514c7eb7;Gorgeous Pizza;3;452.86
b36ded61-f6d0-472b-a8d6-5d2e514c7eb7;Small Ball;7;521.27
d7556b6c-9865-4285-a36d-ae68f3149c53;Awesome Rubber Fish;2;176.38
d3764c04-7761-44f7-9ac9-fd219517fe6f;Computer;2;783.99
d7556b6c-9865-4285-a36d-ae68f3149c53;Cotton Bike;3;605.17
5c2ca946-339e-4ef2-8761-ed69379ad611;Steel Ball;7;829.89
f3b0b40c-0956-4c5a-bacc-c3b22c9d9c68;Bacon;1;756.97
b36ded61-f6d0-472b-a8d6-5d2e514c7eb7;Generic Soap;9;99.6
2b0358a2-d01f-4673-afc2-a10eebaf0e0f;Handcrafted Computer;4;958.13
5af57340-726f-43bd-8b07-586040fc273a;Refined Mouse;6;51.44
c33455e8-01e4-406a-af94-8e2b1021d52c;Intelligent Steel Salad;1;486.73
5c2ca946-339e-4ef2-8761-ed69379ad611;Small Mouse;0;489.45
7fe7f778-064a-424c-ae3f-0efbda830e2b;Intelligent Sausages;9;279.42
6b8e212c-db64-4db2-a780-945474d6ae96;Mouse;9;543.81
e03a8a7d-0c17-40f8-ac54-58ddee2d1bc2;For repair Rubber Car;10;957.54
197a04f1-2831-41ab-bbf8-f343e5b44d3f;Car;0;919.29
e8b5e363-60a4-4ef9-82bf-62a1b4b28213;Handmade Chips;4;111.75
197a04f1-2831-41ab-bbf8-f343e5b44d3f;Car;9;785.8
4857cbc2-d9d8-439f-9e59-6ddf085b20cf;Licensed Shoes;8;738.47
d7556b6c-9865-4285-a36d-ae68f3149c53;Rustic Bacon;2;841.89
236f36b1-1271-4716-ae45-99ec30e8068e;Handcrafted Bike;2;66.95
d7556b6c-9865-4285-a36d-ae68f3149c53;Chicken;5;267.65
980be45d-4870-4ec6-bf08-004d6b683758;Concrete Sausages;2;784.63
1be9ce5b-aa39-4ea6-b769-5252a20195d0;Frozen Table;4;888.36
c3c1faec-b241-43fd-a6b6-6991d1f13805;Gently Used Shirt;8;600.19
6b8e212c-db64-4db2-a780-945474d6ae96;Cotton Salad;7;262.22
5c2ca946-339e-4ef2-8761-ed69379ad611;Sleek Granite Bacon;8;183.6
c3c1faec-b241-43fd-a6b6-6991d1f13805;Handmade Granite Chips;8;574.36
980be45d-4870-4ec6-bf08-004d6b683758;Ergonomic Gloves;8;109.77
d7556b6c-9865-4285-a36d-ae68f3149c53;Table;4;797.39
e8b5e363-60a4-4ef9-82bf-62a1b4b28213;Fresh Bacon;2;761.22
4857cbc2-d9d8-439f-9e59-6ddf085b20cf;Plastic Bacon;7;776.98
247e7e66-76b9-4b42-8ad2-63ca67c0357c;Computer;7;846.75
c33455e8-01e4-406a-af94-8e2b1021d52c;New Steel Soap;5;327.89
f3b0b40c-0956-4c5a-bacc-c3b22c9d9c68;Tuna;3;395.29
980be45d-4870-4ec6-bf08-004d6b683758;Shirt;4;65.36
2b0358a2-d01f-4673-afc2-a10eebaf0e0f;Chicken;9;42.37
2b0358a2-d01f-4673-afc2-a10eebaf0e0f;Chips;6;314.86
7fe7f778-064a-424c-ae3f-0efbda830e2b;Shirt;5;213.8
6b8e212c-db64-4db2-a780-945474d6ae96;Wooden Table;2;654.97
c3c1faec-b241-43fd-a6b6-6991d1f13805;Incredible Salad;3;987.91
4857cbc2-d9d8-439f-9e59-6ddf085b20cf;Gorgeous Steel Sausages;8;915.21
7fe7f778-064a-424c-ae3f-0efbda830e2b;Soft Sausages;4;107.97
e03a8a7d-0c17-40f8-ac54-58ddee2d1bc2;Steel Ball;10;189.4
c3c1faec-b241-43fd-a6b6-6991d1f13805;Rubber Sausages;9;905.44
236f36b1-1271-4716-ae45-99ec30e8068e;Pizza;1;351.81
f3b0b40c-0956-4c5a-bacc-c3b22c9d9c68;Frozen Ball;1;927.65
1be9ce5b-aa39-4ea6-b769-5252a20195d0;Gorgeous Soap;7;573.94
4857cbc2-d9d8-439f-9e59-6ddf085b20cf;Fresh Car;9;940.61
e8b5e363-60a4-4ef9-82bf-62a1b4b28213;Handmade Table;9;463.79
f3b0b40c-0956-4c5a-bacc-c3b22c9d9c68;Fantastic Tuna;3;548.7
1be9ce5b-aa39-4ea6-b769-5252a20195d0;Intelligent Granite Keyboard;4;376.84
1be9ce5b-aa39-4ea6-b769-5252a20195d0;Generic Soft Bacon;0;828.62
e03a8a7d-0c17-40f8-ac54-58ddee2d1bc2;Granite Mouse;1;950.93
c33455e8-01e4-406a-af94-8e2b1021d52c;Handmade Soft Chair;7;789.76
247e7e66-76b9-4b42-8ad2-63ca67c0357c;New Metal Chair;7;348.42
197a04f1-2831-41ab-bbf8-f343e5b44d3f;Shirt;4;610.95
1be9ce5b-aa39-4ea6-b769-5252a20195d0;Rubber Sausages;9;750.34
b36ded61-f6d0-472b-a8d6-5d2e514c7eb7;Keyboard;4;29.3
d7556b6c-9865-4285-a36d-ae68f3149c53;Refined Rubber Chicken;7;456.27
c33455e8-01e4-406a-af94-8e2b1021d52c;Wooden Tuna;8;915.93
e03a8a7d-0c17-40f8-ac54-58ddee2d1bc2;Chair;1;501.9
247e7e66-76b9-4b42-8ad2-63ca67c0357c;Ball;7;465.91
236f36b1-1271-4716-ae45-99ec30e8068e;Fresh Chicken;1;500.68
247e7e66-76b9-4b42-8ad2-63ca67c0357c;Bike;5;959.2
980be45d-4870-4ec6-bf08-004d6b683758;Concrete Mouse;9;853.72
d3764c04-7761-44f7-9ac9-fd219517fe6f;Steel Towels;2;912.19
5af57340-726f-43bd-8b07-586040fc273a;Incredible Plastic Tuna;8;976.18
d3764c04-7761-44f7-9ac9-fd219517fe6f;Gently Used Soap;0;983.0
e8b5e363-60a4-4ef9-82bf-62a1b4b28213;Sausages;8;625.4
236f36b1-1271-4716-ae45-99ec30e8068e;Hat;9;919.13
d7556b6c-9865-4285-a36d-ae68f3149c53;Soft Towels;0;199.3
e03a8a7d-0c17-40f8-ac54-58ddee2d1bc2;Licensed Chips;10;377.98
197a04f1-2831-41ab-bbf8-f343e5b44d3f;For repair Car;2;328.15
63d4510a-63c3-4072-bb10-a2aeac0074ad;Incredible Chips;6;832.29
236f36b1-1271-4716-ae45-99ec30e8068e;Gorgeous Hat;5;475.57
4857cbc2-d9d8-439f-9e59-6ddf085b20cf;Computer;7;925.18
c33455e8-01e4-406a-af94-8e2b1021d52c;Unbranded Gloves;9;551.38
247e7e66-76b9-4b42-8ad2-63ca67c0357c;Granite Sausages;2;563.8
63d4510a-63c3-4072-bb10-a2aeac0074ad;Steel Towels;1;946.53
236f36b1-1271-4716-ae45-99ec30e8068e;Shirt;5;593.11
197a04f1-2831-41ab-bbf8-f343e5b44d3f;Gently Used Mouse;3;447.88
d3764c04-7761-44f7-9ac9-fd219517fe6f;Cotton Pants;6;936.88
f3b0b40c-0956-4c5a-bacc-c3b22c9d9c68;Sleek Steel Fish;6;750.8
7fe7f778-064a-424c-ae3f-0efbda830e2b;Awesome Gloves;7;341.6
980be45d-4870-4ec6-bf08-004d6b683758;Wooden Computer;4;816.79
c33455e8-01e4-406a-af94-8e2b1021d52c;Licensed Frozen Gloves;0;916.66
5c2ca946-339e-4ef2-8761-ed69379ad611;Chair;6;875.16
e03a8a7d-0c17-40f8-ac54-58ddee2d1bc2;Fish;4;378.95
236f36b1-1271-4716-ae45-99ec30e8068e;Table;3;321.6
d7556b6c-9865-4285-a36d-ae68f3149c53;Shoes;8;769.6
c33455e8-01e4-406a-af94-8e2b1021d52c;Handcrafted Table;8;89.86
e03a8a7d-0c17-40f8-ac54-58ddee2d1bc2;Chair;9;992.75
197a04f1-2831-41ab-bbf8-f343e5b44d3f;Small Gloves;3;832.43
e8b5e363-60a4-4ef9-82bf-62a1b4b28213;Handmade Fresh Soap;0;167.84
1be9ce5b-aa39-4ea6-b769-5252a20195d0;Sleek Rubber Chips;0;987.9
236f36b1-1271-4716-ae45-99ec30e8068e;New Keyboard;6;577.66
1be9ce5b-aa39-4ea6-b769-5252a20195d0;Steel Chips;9;229.83
236f36b1-1271-4716-ae45-99ec30e8068e;Practical Towels;1;211.51
f3b0b40c-0956-4c5a-bacc-c3b22c9d9c68;New Sausages;5;851.89
980be45d-4870-4ec6-bf08-004d6b683758;Rubber Bacon;1;559.8
1be9ce5b-aa39-4ea6-b769-5252a20195d0;Shoes;8;345.56
e03a8a7d-0c17-40f8-ac54-58ddee2d1bc2;Handmade Plastic Pants;10;419.49
f3b0b40c-0956-4c5a-bacc-c3b22c9d9c68;Shoes;1;364.79
6b8e212c-db64-4db2-a780-945474d6ae96;Gorgeous Cheese;6;761.37
247e7e66-76b9-4b42-8ad2-63ca67c0357c;Ergonomic Bacon;1;589.6
2b0358a2-d01f-4673-afc2-a10eebaf0e0f;Ergonomic Car;4;353.57
5c2ca946-339e-4ef2-8761-ed69379ad611;Plastic Table;10;954.67
e8b5e363-60a4-4ef9-82bf-62a1b4b28213;Fantastic Soft Chips;10;620.8
f3b0b40c-0956-4c5a-bacc-c3b22c9d9c68;Shirt;3;277.91
c33455e8-01e4-406a-af94-8e2b1021d52c;Keyboard;3;230.27
6b8e212c-db64-4db2-a780-945474d6ae96;Salad;9;761.47
4857cbc2-d9d8-439f-9e59-6ddf085b20cf;Awesome Ball;6;515.65
1be9ce5b-aa39-4ea6-b769-5252a20195d0;Rustic Towels;1;783.18
c3c1faec-b241-43fd-a6b6-6991d1f13805;Gently Used Pizza;1;581.62
e03a8a7d-0c17-40f8-ac54-58ddee2d1bc2;Shoes;1;208.27
c3c1faec-b241-43fd-a6b6-6991d1f13805;Tuna;3;76.88
4857cbc2-d9d8-439f-9e59-6ddf085b20cf;Handmade Fresh Chicken;10;116.71
197a04f1-2831-41ab-bbf8-f343e5b44d3f;Ball;9;444.25
1be9ce5b-aa39-4ea6-b769-5252a20195d0;Handcrafted Table;10;519.28
c33455e8-01e4-406a-af94-8e2b1021d52c;Practical Cotton Car;0;252.47
6b8e212c-db64-4db2-a780-945474d6ae96;Fantastic Gloves;6;356.83
c33455e8-01e4-406a-af94-8e2b1021d52c;Handcrafted Hat;2;646.78
f3b0b40c-0956-4c5a-bacc-c3b22c9d9c68;Refined Plastic Computer;6;831.43
236f36b1-1271-4716-ae45-99ec30e8068e;Handcrafted Tuna;7;723.58
c33455e8-01e4-406a-af94-8e2b1021d52c;Rustic Frozen Pants;8;31.76
6b8e212c-db64-4db2-a780-945474d6ae96;Fantastic Plastic Pizza;5;676.25
6b8e212c-db64-4db2-a780-945474d6ae96;Soft Hat;3;65.3
5c2ca946-339e-4ef2-8761-ed69379ad611;Shoes;7;13.44
63d4510a-63c3-4072-bb10-a2aeac0074ad;Ergonomic Table;3;737.62
e03a8a7d-0c17-40f8-ac54-58ddee2d1bc2;Ergonomic Towels;10;227.9
e03a8a7d-0c17-40f8-ac54-58ddee2d1bc2;Incredible Frozen Chips;7;713.9
d7556b6c-9865-4285-a36d-ae68f3149c53;Refined Computer;1;504.7
197a04f1-2831-41ab-bbf8-f343e5b44d3f;Ergonomic Sausages;6;937.69
236f36b1-1271-4716-ae45-99ec30e8068e;Cheese;1;486.82
e03a8a7d-0c17-40f8-ac54-58ddee2d1bc2;Licensed Computer;4;941.3
d7556b6c-9865-4285-a36d-ae68f3149c53;Used Wooden Pizza;4;593.24
197a04f1-2831-41ab-bbf8-f343e5b44d3f;Tuna;8;176.62
c33455e8-01e4-406a-af94-8e2b1021d52c;Fresh Table;4;3.4
236f36b1-1271-4716-ae45-99ec30e8068e;New Fresh Soap;2;470.72
6b8e212c-db64-4db2-a780-945474d6ae96;Frozen Chips;6;316.3
e03a8a7d-0c17-40f8-ac54-58ddee2d1bc2;Salad;1;998.69
b36ded61-f6d0-472b-a8d6-5d2e514c7eb7;Intelligent Rubber Chips;7;28.92
5c2ca946-339e-4ef2-8761-ed69379ad611;Gorgeous Frozen Bike;4;482.56
980be45d-4870-4ec6-bf08-004d6b683758;Unbranded Concrete Sausages;3;685.4
5c2ca946-339e-4ef2-8761-ed69379ad611;Shirt;2;366.1
7fe7f778-064a-424c-ae3f-0efbda830e2b;Refined Wooden Bacon;1;70.21
c33455e8-01e4-406a-af94-8e2b1021d52c;Licensed Ball;0;64.98
c33455e8-01e4-406a-af94-8e2b1021d52c;Bike;2;403.33
4857cbc2-d9d8-439f-9e59-6ddf085b20cf;Towels;1;52.33
2b0358a2-d01f-4673-afc2-a10eebaf0e0f;Practical Salad;10;460.37
b36ded61-f6d0-472b-a8d6-5d2e514c7eb7;Rubber Gloves;2;109.2
c33455e8-01e4-406a-af94-8e2b1021d52c;Rubber Gloves;8;645.29
6b8e212c-db64-4db2-a780-945474d6ae96;Fantastic Frozen Bike;5;931.56
e03a8a7d-0c17-40f8-ac54-58ddee2d1bc2;Gorgeous Table;0;482.8
247e7e66-76b9-4b42-8ad2-63ca67c0357c;Generic Ball;7;567.14
d3764c04-7761-44f7-9ac9-fd219517fe6f;Computer;1;380.57
5af57340-726f-43bd-8b07-586040fc273a;For repair Tuna;6;629.13
197a04f1-2831-41ab-bbf8-f343e5b44d3f;Salad;6;719.68
6b8e212c-db64-4db2-a780-945474d6ae96;Metal Shirt;5;432.91
d7556b6c-9865-4285-a36d-ae68f3149c53;Rustic Fresh Fish;1;173.94
e03a8a7d-0c17-40f8-ac54-58ddee2d1bc2;Chips;3;820.4
4857cbc2-d9d8-439f-9e59-6ddf085b20cf;Small Fresh Bike;1;763.54
247e7e66-76b9-4b42-8ad2-63ca67c0357c;Chicken;4;150.6
5af57340-726f-43bd-8b07-586040fc273a;Table;7;481.7
247e7e66-76b9-4b42-8ad2-63ca67c0357c;Tasty Frozen Keyboard;9;290.64
980be45d-4870-4ec6-bf08-004d6b683758;Rubber Hat;10;622.72
c33455e8-01e4-406a-af94-8e2b1021d52c;Unbranded Wooden Shoes;7;151.93
c33455e8-01e4-406a-af94-8e2b1021d52c;Steel Chair;2;748.95
2b0358a2-d01f-4673-afc2-a10eebaf0e0f;Unbranded Wooden Chair;1;528.34
7fe7f778-064a-424c-ae3f-0efbda830e2b;Generic Wooden Car;6;957.16
6b8e212c-db64-4db2-a780-945474d6ae96;For repair Soft Bike;0;364.25
197a04f1-2831-41ab-bbf8-f343e5b44d3f;Wooden Cheese;1;536.23
7fe7f778-064a-424c-ae3f-0efbda830e2b;Soap;9;157.79
1be9ce5b-aa39-4ea6-b769-5252a20195d0;Plastic Chair;10;995.9
d3764c04-7761-44f7-9ac9-fd219517fe6f;Mouse;6;561.41
5c2ca946-339e-4ef2-8761-ed69379ad611;Gently Used Chair;4;198.22
7fe7f778-064a-424c-ae3f-0efbda830e2b;Gently Used Rubber Pizza;4;251.26
236f36b1-1271-4716-ae45-99ec30e8068e;Fresh Pants;4;540.28
b36ded61-f6d0-472b-a8d6-5d2e514c7eb7;Fantastic Metal Mouse;4;41.88
236f36b1-1271-4716-ae45-99ec30e8068e;Licensed Frozen Bacon;6;813.29
5af57340-726f-43bd-8b07-586040fc273a;Fantastic Soft Salad;5;560.3
63d4510a-63c3-4072-bb10-a2aeac0074ad;Gorgeous Concrete Soap;6;720.9
2b0358a2-d01f-4673-afc2-a10eebaf0e0f;Salad;5;647.78
f3b0b40c-0956-4c5a-bacc-c3b22c9d9c68;Fresh Chips;9;735.78
236f36b1-1271-4716-ae45-99ec30e8068e;Shoes;4;858.71
f3b0b40c-0956-4c5a-bacc-c3b22c9d9c68;Frozen Bacon;8;178.23
247e7e66-76b9-4b42-8ad2-63ca67c0357c;Intelligent Soap;10;766.14
63d4510a-63c3-4072-bb10-a2aeac0074ad;Hat;2;240.74
236f36b1-1271-4716-ae45-99ec30e8068e;Granite Computer;9;233.7
d7556b6c-9865-4285-a36d-ae68f3149c53;Plastic Sausages;3;440.86
e8b5e363-60a4-4ef9-82bf-62a1b4b28213;New Granite Table;6;770.42
5c2ca946-339e-4ef2-8761-ed69379ad611;Handmade Mouse;1;529.4
1be9ce5b-aa39-4ea6-b769-5252a20195d0;Used Soft Bike;9;723.25
e8b5e363-60a4-4ef9-82bf-62a1b4b28213;New Granite Pizza;4;998.18
197a04f1-2831-41ab-bbf8-f343e5b44d3f;Small Steel Car;9;188.52
6b8e212c-db64-4db2-a780-945474d6ae96;Table;4;446.28
f3b0b40c-0956-4c5a-bacc-c3b22c9d9c68;Fish;1;870.22
c33455e8-01e4-406a-af94-8e2b1021d52c;Awesome Car;9;913.56
1be9ce5b-aa39-4ea6-b769-5252a20195d0;Rubber Sausages;3;239.74
5c2ca946-339e-4ef2-8761-ed69379ad611;Handcrafted Steel Hat;6;111.9
d3764c04-7761-44f7-9ac9-fd219517fe6f;Computer;6;507.38
247e7e66-76b9-4b42-8ad2-63ca67c0357c;Sleek Computer;1;724.4
6b8e212c-db64-4db2-a780-945474d6ae96;Handcrafted Steel Chips;7;320.21
b36ded61-f6d0-472b-a8d6-5d2e514c7eb7;Licensed Hat;8;185.23
2b0358a2-d01f-4673-afc2-a10eebaf0e0f;Steel Mouse;7;427.34
c33455e8-01e4-406a-af94-8e2b1021d52c;For repair Rubber Towels;4;362.81
d3764c04-7761-44f7-9ac9-fd219517fe6f;Metal Towels;0;221.64
7fe7f778-064a-424c-ae3f-0efbda830e2b;Tuna;10;605.35
236f36b1-1271-4716-ae45-99ec30e8068e;Rubber Car;4;877.39
b36ded61-f6d0-472b-a8d6-5d2e514c7eb7;Fresh Bike;3;660.79
980be45d-4870-4ec6-bf08-004d6b683758;Intelligent Rubber Pizza;3;601.67
1be9ce5b-aa39-4ea6-b769-5252a20195d0;Intelligent Table;0;38.4
b36ded61-f6d0-472b-a8d6-5d2e514c7eb7;Refined Hat;6;958.76
1be9ce5b-aa39-4ea6-b769-5252a20195d0;Tasty Steel Car;5;532.4
1be9ce5b-aa39-4ea6-b769-5252a20195d0;Towels;9;47.7
c33455e8-01e4-406a-af94-8e2b1021d52c;Handmade Fresh Sausages;7;649.99
63d4510a-63c3-4072-bb10-a2aeac0074ad;Handmade Frozen Keyboard;1;268.76
b36ded61-f6d0-472b-a8d6-5d2e514c7eb7;Computer;10;136.4
7fe7f778-064a-424c-ae3f-0efbda830e2b;Steel Salad;7;321.34
2b0358a2-d01f-4673-afc2-a10eebaf0e0f;Plastic Pants;9;471.7
247e7e66-76b9-4b42-8ad2-63ca67c0357c;Soft Ball;2;426.1
63d4510a-63c3-4072-bb10-a2aeac0074ad;Steel Sausages;3;559.58
5c2ca946-339e-4ef2-8761-ed69379ad611;Bike;4;560.1
980be45d-4870-4ec6-bf08-004d6b683758;Pants;10;348.97
d3764c04-7761-44f7-9ac9-fd219517fe6f;Refined Car;5;6.74
c3c1faec-b241-43fd-a6b6-6991d1f13805;Used Pants;9;106.66
4857cbc2-d9d8-439f-9e59-6ddf085b20cf;Gorgeous Cotton Fish;9;429.7
7fe7f778-064a-424c-ae3f-0efbda830e2b;Metal Mouse;2;395.48
5af57340-726f-43bd-8b07-586040fc273a;Gently Used Pants;2;118.45
c33455e8-01e4-406a-af94-8e2b1021d52c;Plastic Bacon;5;625.61
980be45d-4870-4ec6-bf08-004d6b683758;Fish;3;644.38
c3c1faec-b241-43fd-a6b6-6991d1f13805;Steel Computer;7;800.63
d7556b6c-9865-4285-a36d-ae68f3149c53;Gloves;1;552.6
5c2ca946-339e-4ef2-8761-ed69379ad611;Gently Used Metal Fish;6;808.69
7fe7f778-064a-424c-ae3f-0efbda830e2b;Practical Car;2;117.46
2b0358a2-d01f-4673-afc2-a10eebaf0e0f;Sleek Cotton Chicken;6;887.16
7fe7f778-064a-424c-ae3f-0efbda830e2b;Used Cotton Mouse;1;176.94
c3c1faec-b241-43fd-a6b6-6991d1f13805;Ergonomic Chicken;3;542.71
b36ded61-f6d0-472b-a8d6-5d2e514c7eb7;Incredible Cheese;10;609.8
2b0358a2-d01f-4673-afc2-a10eebaf0e0f;Incredible Chair;6;134.14
b36ded61-f6d0-472b-a8d6-5d2e514c7eb7;For repair Wooden Tuna;8;496.5
63d4510a-63c3-4072-bb10-a2aeac0074ad;Used Pants;3;351.48
e03a8a7d-0c17-40f8-ac54-58ddee2d1bc2;Chicken;4;280.19
197a04f1-2831-41ab-bbf8-f343e5b44d3f;Fresh Keyboard;3;344.13
